length	ft (ms)	triton(ms)	PyTorch(ms)
4096	4.21381	13.1021	28.07
8192	6.66863	29.5823	-1
