test_name	compute	non_compute	total
1024,32	6.52600	1.98000	8.50600
1024,64	4.65600	1.68700	6.34300
1024,128	9.33500	3.45400	12.78900
3072,32	25.09100	17.60500	42.69600
3072,64	30.45400	17.37100	47.82500
3072,128	40.13800	19.71000	59.84800
4096,32	35.16300	25.56000	60.72300
4096,64	42.86000	25.49800	68.35800
4096,128	57.64700	27.09400	84.74100
